rt,response,phase,noiseprop
704,t,testing,0.5
1067,t,testing,0.4795031258357264
838,n,testing,0.4234336610081905
394,t,testing,0.5707039412126648