rt,response,phase,noiseprop
1125,t,testing,0.5
1190,t,testing,0.6834203207214733
582,t,testing,0.6436534829039824
1936,n,testing,0.607605035884194